{
    "camera_matrix": [
        [
            1602.8367146461499,
            0.0,
            1792.041597922505
        ],
        [
            0.0,
            1609.437221899473,
            1370.0804021875663
        ],
        [
            0.0,
            0.0,
            1.0
        ]
    ],
    "distortion_coefficients": [
        [
            -0.2826388512625227,
            0.13111282808024094,
            0.0023050640140161115,
            0.00047816638126558397,
            -0.03889347062427569
        ]
    ]
}