{
    "camera_matrix": [
        [
            553.4352674637655,
            0.0,
            318.0178284301806
        ],
        [
            0.0,
            551.0342352083686,
            254.1389859307648
        ],
        [
            0.0,
            0.0,
            1.0
        ]
    ],
    "distortion_coefficients": [
        [
            -0.05235008273903934,
            -0.2666842658407569,
            0.009977918173852797,
            0.005011822209421506,
            0.5280534148161711
        ]
    ]
}